username,password,email,keyword,quantity
orderuser001,orderpass001,orderuser001@example.com,mock,1
orderuser002,orderpass002,orderuser002@example.com,phone,2
orderuser003,orderpass003,orderuser003@example.com,laptop,3
orderuser004,orderpass004,orderuser004@example.com,audio,1
orderuser005,orderpass005,orderuser005@example.com,home,2
orderuser006,orderpass006,orderuser006@example.com,sport,3
orderuser007,orderpass007,orderuser007@example.com,mock,1
orderuser008,orderpass008,orderuser008@example.com,phone,2
orderuser009,orderpass009,orderuser009@example.com,laptop,3
orderuser010,orderpass010,orderuser010@example.com,audio,1
orderuser011,orderpass011,orderuser011@example.com,home,2
orderuser012,orderpass012,orderuser012@example.com,sport,3
orderuser013,orderpass013,orderuser013@example.com,mock,1
orderuser014,orderpass014,orderuser014@example.com,phone,2
orderuser015,orderpass015,orderuser015@example.com,laptop,3
orderuser016,orderpass016,orderuser016@example.com,audio,1
orderuser017,orderpass017,orderuser017@example.com,home,2
orderuser018,orderpass018,orderuser018@example.com,sport,3
orderuser019,orderpass019,orderuser019@example.com,mock,1
orderuser020,orderpass020,orderuser020@example.com,phone,2
orderuser021,orderpass021,orderuser021@example.com,laptop,3
orderuser022,orderpass022,orderuser022@example.com,audio,1
orderuser023,orderpass023,orderuser023@example.com,home,2
orderuser024,orderpass024,orderuser024@example.com,sport,3
orderuser025,orderpass025,orderuser025@example.com,mock,1
orderuser026,orderpass026,orderuser026@example.com,phone,2
orderuser027,orderpass027,orderuser027@example.com,laptop,3
orderuser028,orderpass028,orderuser028@example.com,audio,1
orderuser029,orderpass029,orderuser029@example.com,home,2
orderuser030,orderpass030,orderuser030@example.com,sport,3
orderuser031,orderpass031,orderuser031@example.com,mock,1
orderuser032,orderpass032,orderuser032@example.com,phone,2
orderuser033,orderpass033,orderuser033@example.com,laptop,3
orderuser034,orderpass034,orderuser034@example.com,audio,1
orderuser035,orderpass035,orderuser035@example.com,home,2
orderuser036,orderpass036,orderuser036@example.com,sport,3
orderuser037,orderpass037,orderuser037@example.com,mock,1
orderuser038,orderpass038,orderuser038@example.com,phone,2
orderuser039,orderpass039,orderuser039@example.com,laptop,3
orderuser040,orderpass040,orderuser040@example.com,audio,1
orderuser041,orderpass041,orderuser041@example.com,home,2
orderuser042,orderpass042,orderuser042@example.com,sport,3
orderuser043,orderpass043,orderuser043@example.com,mock,1
orderuser044,orderpass044,orderuser044@example.com,phone,2
orderuser045,orderpass045,orderuser045@example.com,laptop,3
orderuser046,orderpass046,orderuser046@example.com,audio,1
orderuser047,orderpass047,orderuser047@example.com,home,2
orderuser048,orderpass048,orderuser048@example.com,sport,3
orderuser049,orderpass049,orderuser049@example.com,mock,1
orderuser050,orderpass050,orderuser050@example.com,phone,2
orderuser051,orderpass051,orderuser051@example.com,laptop,3
orderuser052,orderpass052,orderuser052@example.com,audio,1
orderuser053,orderpass053,orderuser053@example.com,home,2
orderuser054,orderpass054,orderuser054@example.com,sport,3
orderuser055,orderpass055,orderuser055@example.com,mock,1
orderuser056,orderpass056,orderuser056@example.com,phone,2
orderuser057,orderpass057,orderuser057@example.com,laptop,3
orderuser058,orderpass058,orderuser058@example.com,audio,1
orderuser059,orderpass059,orderuser059@example.com,home,2
orderuser060,orderpass060,orderuser060@example.com,sport,3
orderuser061,orderpass061,orderuser061@example.com,mock,1
orderuser062,orderpass062,orderuser062@example.com,phone,2
orderuser063,orderpass063,orderuser063@example.com,laptop,3
orderuser064,orderpass064,orderuser064@example.com,audio,1
orderuser065,orderpass065,orderuser065@example.com,home,2
orderuser066,orderpass066,orderuser066@example.com,sport,3
orderuser067,orderpass067,orderuser067@example.com,mock,1
orderuser068,orderpass068,orderuser068@example.com,phone,2
orderuser069,orderpass069,orderuser069@example.com,laptop,3
orderuser070,orderpass070,orderuser070@example.com,audio,1
orderuser071,orderpass071,orderuser071@example.com,home,2
orderuser072,orderpass072,orderuser072@example.com,sport,3
orderuser073,orderpass073,orderuser073@example.com,mock,1
orderuser074,orderpass074,orderuser074@example.com,phone,2
orderuser075,orderpass075,orderuser075@example.com,laptop,3
orderuser076,orderpass076,orderuser076@example.com,audio,1
orderuser077,orderpass077,orderuser077@example.com,home,2
orderuser078,orderpass078,orderuser078@example.com,sport,3
orderuser079,orderpass079,orderuser079@example.com,mock,1
orderuser080,orderpass080,orderuser080@example.com,phone,2
orderuser081,orderpass081,orderuser081@example.com,laptop,3
orderuser082,orderpass082,orderuser082@example.com,audio,1
orderuser083,orderpass083,orderuser083@example.com,home,2
orderuser084,orderpass084,orderuser084@example.com,sport,3
orderuser085,orderpass085,orderuser085@example.com,mock,1
orderuser086,orderpass086,orderuser086@example.com,phone,2
orderuser087,orderpass087,orderuser087@example.com,laptop,3
orderuser088,orderpass088,orderuser088@example.com,audio,1
orderuser089,orderpass089,orderuser089@example.com,home,2
orderuser090,orderpass090,orderuser090@example.com,sport,3
orderuser091,orderpass091,orderuser091@example.com,mock,1
orderuser092,orderpass092,orderuser092@example.com,phone,2
orderuser093,orderpass093,orderuser093@example.com,laptop,3
orderuser094,orderpass094,orderuser094@example.com,audio,1
orderuser095,orderpass095,orderuser095@example.com,home,2
orderuser096,orderpass096,orderuser096@example.com,sport,3
orderuser097,orderpass097,orderuser097@example.com,mock,1
orderuser098,orderpass098,orderuser098@example.com,phone,2
orderuser099,orderpass099,orderuser099@example.com,laptop,3
orderuser100,orderpass100,orderuser100@example.com,audio,1
